{	
	"active":1,	
	"chance":0.5,
	"nominal":5,
	"restock":50,
	"timeOffset":60,
	"lifeTime":45000,	
	"missionRespawn":900,
	"timeRespawn":0,
	"missionSafeSpawnRadius":300,
	"safeRadius":200,
	"distanceRadius":500,
	"cleanRadius":300,	
	"sendInfo":1,	
	"missionDescription":"Some mission description",
	"textInfo":"Car accident near #pos",	
	"showInMap":1,
	"mapTitle":"Car accident",	
	"position": [
		[11925,0,5275.76,45],
		[12065.7,0,6565.02,5],
		[11640.8,0,8221.74,10],
		[11057.3,0,10339,-30],
		[8772.5,0,9989.29,-125],
		[8939.02,0,7084.31,0],
		[8989.55,0,4331.89,-140],
		[7424.91,0,3883.87,-60],
		[4967.15,0,3259.07,-125],
		[3173.55,0,2543.54,-80],
		[2920.09,0,5197.15,-35],
		[5581.86,0,10523.7,-110],
		[3076.97,0,8011.6,-120],
		[7845.43,0,12010.7,-30]	
		],
	"positionOffset":0,
	"loot":[	
	],
	"vehicles":[
		{
		"title":"MissionCars_1",
		"chance":1.0,
		"position":[2.99961000000112,0,14.24023399999896],
		"yaw":180,
		"pitch":0,
		"roll":0
		}
	],
	"structures":[
		{
		"className":"Land_Wreck_Ikarus",
		"position":[1,0,0],
		"yaw":2.910013,
		"pitch":0.152788,
		"roll":0
		},
		{
		"className":"Land_Wreck_V3S",
		"position":[3.39941400000134,0.16029,-3.859375],
		"yaw":-177.587372,
		"pitch":0.152788,
		"roll":0
		},
		{
		"className":"Land_Wreck_Lada_Green",
		"position":[3.79980500000056,-0.77376,1.70019499999944],
		"yaw":4.725477,
		"pitch":0.076396,
		"roll":0
		},
		{
		"className":"Land_Wreck_Lada_Red",
		"position":[0.700195999999778,-0.789800000000001,-7.50976600000104],
		"yaw":-151.559509,
		"pitch":0.152788,
		"roll":0
		}
	]	
}