{	
	"active":1,	
	"chance":0.4,
	"nominal":5,
	"restock":500,
	"timeOffset":0,
	"lifeTime":3600,	
	"missionRespawn":600,
	"timeRespawn":0,
	"missionSafeSpawnRadius":300,
	"safeRadius":200,
	"distanceRadius":600,
	"cleanRadius":1000,	
	"sendInfo":1,	
	"missionDescription":"Some mission description",
	"textInfo":"Helicopters crashed near #pos",	
	"showInMap":1,
	"mapTitle":"HeliCrash",	
	"position": [
		[11844.371094,0,6020.828613,357.697601],
		[10772.458984,0,7141.783691,236.599503],
		[6357.467285,0,5393.447754,4.996732],
		[9537.379883,0,6346.113769,298.912109],
		[6507.537598,0,3160.664062,241.351349],
		[9395.842773,0,8118.120605,168.518341],
		[3826.167236,0,725.191772,72.453087],
		[11606.522461,0,4326.942871,10.140474],
		[9916.824219,0,3880.88208,32.136044],
		[9935.674805,0,5458.304199,329.921448],
		[11722.352539,0,7612.571777,163.276627],
		[7122.116699,0,5103.704101,292.347717],
		[8957.305664,0,5408.166504,305.672455],
		[1902.029053,0,2396.375976,305.231537],
		[5421.377442,0,1441.891357,153.467041],
		[7781.773926,0,997.603821,236.305603],
		[10454.764648,0,4566.578125,71.130417],
		[10513.841797,0,7460.008789,14.157501],
		[11075.945312,0,2103.969238,7.593108],
		[12284.845703,0,6532.125488,168.800293],
		[10770.838867,0,5033.983398,14.402428],
		[9799.932617,0,5986.262207,296.511719],
		[9493.401367,0,6859.635254,332.174927],
		[11390.188477,0,5130.928223,171.016739],
		[10392.649414,0,6202.329102,226.997894],
		[11457.69043,0,6532.165527,300.234802],
		[11288.463867,0,3901.264893,341.482605],
		[10066.341797,0,7019.535645,60.353058],
		[11164.566406,0,6245.58252,25.130795],
		[12028.506836,0,5253.910644,276.524628],
		[9593.34375,0,8950.186523,169.633057],
		[12300.630859,0,4292.416504,107.773361],
		[12352.316406,0,3855.271484,247.376831],
		[9671.808594,0,1155.7594,65.545807],
		[11581.37793,0,3195.328857,299.695923],
		[11776.484375,0,930.251892,70.248642],
		[9270.135742,0,7127.370117,45.754696],
		[3976.023682,0,6856.164063,117.374977],
		[2639.861328,0,6405.301758,189.473114],
		[6727.75,0,6937.537109,1.371592],
		[6486.924316,0,7557.751953,270.646088],
		[2441.762207,0,4908.613281,195.498657],
		[6836.494629,0,8600.134766,190.550873],
		[4286.803223,0,6212.870117,132.904129],
		[5397.504883,0,6689.651367,176.442398],
		[740.898437,0,5043.588867,70.0037],
		[7265.016113,0,7720.161133,68.681],
		[6995.759766,0,6220.584473,4.310974],
		[7938.515137,0,6592.683594,4.849762],
		[8678.618164,0,6389.382813,26.257509],
		[4607.828125,0,6965.80957,200.789352],
		[7298.620117,0,8475.169922,300.332794],
		[2734.593262,0,5628.562988,210.831863],
		[7512.816406,0,7044.394531,42.374527],
		[5499.094238,0,7905.272461,310.571228],
		[6220.04834,0,6929.438477,297.638458],
		[7796.510742,0,7870.70459,112.280243],
		[7900.789551,0,8257.776367,171.445618],
		[8546.589844,0,8372.402344,250.377197],
		[7776.442383,0,8989.429688,69.693436],
		[8356.177734,0,9151.981445,134.569748],
		[9198.206055,0,6041.199219,285.832367],
		[8241.619141,0,6025.999512,141.819946],
		[8490.319336,0,2832.061035,27.825129],
		[7188.131348,0,3713.572266,338.102417],
		[6369.329102,0,6150.516602,162.933716],
		[4725.089844,0,3215.219727,331.929962],
		[7088.905273,0,5616.130371,357.942535],
		[6868.194824,0,4171.091797,174.874771],
		[761.743042,0,3605.641846,82.054726],
		[3503.032715,0,4181.35791,126.241791],
		[4873.035156,0,5679.072754,142.983643],
		[6783.110352,0,4831.280762,127.368523],
		[5689.485352,0,5770.709473,316.449738],
		[8360.750976,0,5494.712402,17.831593],
		[5924.764648,0,5012.937988,24.787872],
		[8371.013672,0,7563.428223,62.508549],
		[5521.995605,0,4904.76416,46.440514],
		[5911.780762,0,3579.843506,274.124268]
		],
	"positionOffset":0,		
	"radiusOfRadiation":[100,300],
	"strengthOfRadiation":[5,200],
	"enableDeactivation":0,
	"visualEffect":0,
	"loot":[	
		{
			"className":"hardigg_Mung",
			"position":[4,0,-4],
			"yaw":0,
			"pitch":0,
			"roll":0,		
			"cargo":[
				{
				"title":"RadSuit_2",
				"chance":1.0
				},	
				{
				"title":"Medic_1",
				"chance":1.0
				},			
				{
				"title":"Ammo_4",
				"chance":1.0
				},	
				{
				"title":"Ammo_4",
				"chance":0.2
				},
				{
				"title":"Ammo_3",
				"chance":0.2
				},
				{
				"title":"Ammo_2",
				"chance":0.2
				},	
				{
				"title":"Ammo_1",
				"chance":0.1
				},		
				{
				"title":"Mag_1",
				"chance":0.2
				},	
				{
				"title":"Mag_2",
				"chance":0.2
				},	
				{
				"title":"Mag_3",
				"chance":0.2
				},	
				{
				"title":"Mag_4",
				"chance":0.2
				},
				{
				"title":"Optics_1",
				"chance":0.5
				},				
				{
				"title":"Rifle_3",
				"chance":1.0
				},				
				{
				"title":"Rifle_4",
				"chance":0.5
				},		
				{
				"title":"Rare_1",
				"chance":0.1
				}			
			]
		}		
	],
	"vehicles":[],
	"structures":[
		{
		"className":"Wreck_UH1Y",
		"position":[0,0,0],
		"yaw":-87,
		"pitch":0,
		"roll":0
		},
		{
		"className":"Wreck_Mi8",
		"position":[9,0,-17],
		"yaw":147,
		"pitch":0,
		"roll":0
		}
	]	
}